"MAF","Include"
0.405963303,TRUE
0.435779817,TRUE
0.330275229,TRUE
0.412844037,TRUE
0.456422018,TRUE
0.483944954,TRUE
0.399082569,TRUE
0.440366972,TRUE
0.474770642,TRUE
0.334862385,TRUE
0.431192661,TRUE
0.444954128,TRUE
0.392201835,TRUE
0.387614679,TRUE
0.412844037,TRUE
0.387614679,TRUE
0.438073394,TRUE
0.47706422,TRUE
0.463302752,TRUE
0.48853211,TRUE
0.438073394,TRUE
0.339449541,TRUE
0.422018349,TRUE
0.438073394,TRUE